feature,importance
IsHTTPS,0.39409879657635977
NoOfOtherSpecialCharsInURL,0.14423643243772058
NoOfDegitsInURL,0.09301861351785991
LetterRatioInURL,0.07205500010536
DegitRatioInURL,0.06603616511084297
URLLength,0.061319284572122
SpacialCharRatioInURL,0.05684707476748832
NoOfLettersInURL,0.04393171041163543
NoOfSubDomain,0.03571902337552331
DomainLength,0.023572906529466323
TLDLength,0.007684947332288846
NoOfEqualsInURL,0.0008090996211309446
NoOfQMarkInURL,0.0006687022717912974
IsDomainIP,1.9705871669653453e-06
NoOfAmpersandInURL,2.604525793755611e-07
HasObfuscation,1.0059021594670897e-08
NoOfObfuscatedChar,2.2716425023048467e-09
ObfuscationRatio,0.0
